dttm,temp,dwd_airport,dwd_urban,uni_meteo,wbi
2021-12-13 00:00:00,NA,4.3,5.1,4.793294,4.34
2021-12-13 01:00:00,6.1827,4.3,4.8,4.920958,4.36
2021-12-13 02:00:00,5.996,4,4.8,5.210452,4.14
2021-12-13 03:00:00,5.5865,3.5,3.9,5.111493,3.6
2021-12-13 04:00:00,5.364,2.6,3.3,4.683444,3.01
2021-12-13 05:00:00,5.2267,1.6,3.2,3.789137,2.46
2021-12-13 06:00:00,5.0373,1.3,3,3.350054,2.16
2021-12-13 07:00:00,4.9855,1.1,2.8,3.024318,2.08
2021-12-13 08:00:00,4.6923,1,2.7,2.683729,1.82
2021-12-13 09:00:00,5.2608,4.4,3.7,2.923671,2
2021-12-13 10:00:00,5.6718,4.8,4.9,2.924943,4.07
2021-12-13 11:00:00,6.3183,6.6,5.6,3.943239,5.25
2021-12-13 12:00:00,7.6643,8,6.8,5.793627,6.54
2021-12-13 13:00:00,9.2907,8.2,8.5,8.430618,7.8
2021-12-13 14:00:00,10.079,8.4,8.3,9.846099,8.36
2021-12-13 15:00:00,10.6342,8,8,9.891508,8.23
2021-12-13 16:00:00,9.9627,5.4,7,8.406984,6.77
2021-12-13 17:00:00,8.2648,4,5.8,7.235691,5.14
2021-12-13 18:00:00,7.4478,2,5,5.736312,3.72
2021-12-13 19:00:00,6.9943,2.7,4.4,4.959928,3.12
2021-12-13 20:00:00,6.522,2.7,3.7,4.289629,2.73
2021-12-13 21:00:00,6.03,1.3,3.6,3.657797,1.98
2021-12-13 22:00:00,5.4323,0.6,3.4,3.175737,2.11
2021-12-13 23:00:00,NA,1,2.7,2.835404,1.65
2021-12-14 00:00:00,5.5863,0.8,2.7,2.977258,1.16
2021-12-14 01:00:00,5.0717,0.7,2,2.534303,0.89
2021-12-14 02:00:00,5.0717,1.7,1.7,2.145208,0.66
2021-12-14 03:00:00,4.7097,1.4,1.6,2.239158,0.49
2021-12-14 04:00:00,3.8035,0.2,0.6,1.687944,-0.14
2021-12-14 05:00:00,3.7177,1.5,1.4,1.531975,0.25
2021-12-14 06:00:00,4.0148,1.5,1.8,1.234,1.01
2021-12-14 07:00:00,4.3282,1.5,1.8,1.649405,1.47
2021-12-14 08:00:00,4.4485,2.2,2.1,2.063154,1.58
2021-12-14 09:00:00,4.848,2.4,2.5,2.225342,1.89
2021-12-14 10:00:00,5.295,3.3,3.6,2.559954,2.51
2021-12-14 11:00:00,5.8253,3.7,4.6,3.13448,3.14
2021-12-14 12:00:00,5.1578,3.8,4.3,4.565532,2.28
2021-12-14 13:00:00,5.4838,3.8,4.3,4.027928,3
2021-12-14 14:00:00,5.6207,3.9,4.3,4.324934,3.4
2021-12-14 15:00:00,5.8083,3.8,4.5,4.485476,3.94
2021-12-14 16:00:00,5.757,3.5,4.3,4.697997,3.54
2021-12-14 17:00:00,5.243,3.1,3.6,4.618997,3.35
2021-12-14 18:00:00,5.089,2.4,3.2,4.367371,3.34
2021-12-14 19:00:00,5.1233,2.9,2.8,3.989928,2.88
2021-12-14 20:00:00,5.6035,3.1,2.7,3.45917,2.62
2021-12-14 21:00:00,5.4838,3.2,2.9,3.1696,2.22
2021-12-14 22:00:00,5.5352,3.1,3.1,2.988919,2.35
2021-12-14 23:00:00,5.4497,3.1,3,3.203249,2.4
2021-12-15 00:00:00,5.4327,3.3,3.2,3.355405,2.6
2021-12-15 01:00:00,5.5695,3.3,3.3,3.413678,2.7
2021-12-15 02:00:00,5.3812,3.4,3.3,3.272234,2.64
2021-12-15 03:00:00,5.3125,3.4,3.1,3.272382,2.5
2021-12-15 04:00:00,5.518,3.4,3.2,3.153969,2.58
2021-12-15 05:00:00,5.2612,3.2,3.2,3.236757,2.64
2021-12-15 06:00:00,5.2612,3.1,3.3,3.357379,2.69
2021-12-15 07:00:00,5.501,3.2,3.4,3.431352,2.63
2021-12-15 08:00:00,5.3468,3.2,3.3,3.437766,2.27
2021-12-15 09:00:00,5.5173,3,3.4,3.297994,2.14
2021-12-15 10:00:00,5.5863,3.5,3.7,3.210137,2.78
2021-12-15 11:00:00,5.8938,4,4.3,3.553482,3.12
2021-12-15 12:00:00,5.8085,4.1,4.2,3.910635,3.64
2021-12-15 13:00:00,6.03,4.2,4.3,4.063314,3.97
2021-12-15 14:00:00,5.8767,4.2,4.5,4.289742,3.87
2021-12-15 15:00:00,5.8427,4.1,4.3,4.38196,3.73
2021-12-15 16:00:00,6.013,4.2,4.4,4.428482,3.89
2021-12-15 17:00:00,6.047,4.3,4.4,4.506679,3.91
2021-12-15 18:00:00,6.081,4.2,4.5,4.46974,3.86
2021-12-15 19:00:00,6.319,4.5,4.6,4.376222,3.91
2021-12-15 20:00:00,6.098,4.4,4.2,4.422246,3.78
2021-12-15 21:00:00,5.7572,4.3,4.1,4.30433,3.61
2021-12-15 22:00:00,5.8935,4.3,4.3,4.141157,3.55
2021-12-15 23:00:00,5.8595,4.5,4.2,4.144106,3.6
2021-12-16 00:00:00,5.7573,4.2,4,4.18836,3.49
2021-12-16 01:00:00,5.5522,4.2,3.9,4.018056,3.42
2021-12-16 02:00:00,5.7232,3.8,3.9,3.879855,3.37
2021-12-16 03:00:00,5.3982,3.7,3.5,3.820657,3.19
2021-12-16 04:00:00,5.089,3.7,3.4,3.574151,2.85
2021-12-16 05:00:00,5.089,3.5,3.2,3.41221,2.68
2021-12-16 06:00:00,4.7092,3.2,2.9,3.292232,2.59
2021-12-16 07:00:00,4.675,3.1,3.4,3.012123,2.19
2021-12-16 08:00:00,5.3123,3.1,3.6,2.770231,2.16
2021-12-16 09:00:00,5.518,3.9,3.8,2.834833,3.04
2021-12-16 10:00:00,5.8765,4.3,4.6,2.979378,3.71
2021-12-16 11:00:00,6.183,4.8,4.9,3.836819,4.25
2021-12-16 12:00:00,6.302,5.1,5.1,4.669,4.46
2021-12-16 13:00:00,6.4205,5.2,5.3,5.047847,4.79
2021-12-16 14:00:00,6.6067,5.4,5.6,5.28486,5
2021-12-16 15:00:00,7.1437,5.3,5.4,5.418278,5.04
2021-12-16 16:00:00,6.5895,5.1,5.2,5.432779,4.96
2021-12-16 17:00:00,6.5897,3.9,5.1,5.288179,4.7
2021-12-16 18:00:00,6.5727,2.8,5.1,5.122908,4.39
2021-12-16 19:00:00,6.3525,3.9,4.6,5.011429,3.34
2021-12-16 20:00:00,5.9788,2.3,3.9,4.714244,2.63
2021-12-16 21:00:00,5.6205,1.7,3.2,4.026611,1.96
2021-12-16 22:00:00,5.4323,1.5,2.6,3.283078,1.53
2021-12-16 23:00:00,5.0202,-0.1,2.1,2.591625,1.09
2021-12-17 00:00:00,4.8308,-1,1.6,2.095722,0.97
2021-12-17 01:00:00,4.4843,-1.4,1.9,1.924124,0.73
2021-12-17 02:00:00,4.1892,0.7,1.9,1.787951,1.53
2021-12-17 03:00:00,4.0848,0.1,1.4,1.387035,0.7
2021-12-17 04:00:00,4.0498,-0.1,1.5,1.194318,0.85
2021-12-17 05:00:00,3.5425,-0.6,1.2,1.18947,0.49
2021-12-17 06:00:00,2.9253,-0.9,0.5,1.119685,-0.41
2021-12-17 07:00:00,2.6587,-1.3,0.1,0.7257333,-1.49
2021-12-17 08:00:00,2.8722,-1.5,0.6,-0.03626944,-0.54
2021-12-17 09:00:00,3.1725,0,1.3,0.2012986,-0.39
2021-12-17 10:00:00,3.91,0.9,2.1,0.6238763,0.44
2021-12-17 11:00:00,NA,1.7,3.5,1.924754,2.18
2021-12-17 12:00:00,4.8125,2.3,4.1,3.38024,3.56
2021-12-17 13:00:00,6.2155,3.4,4.8,5.401596,3.66
2021-12-17 14:00:00,6.2672,3.3,4.8,6.237943,4.46
2021-12-17 15:00:00,5.8918,2.5,3.1,6.159952,4.68
2021-12-17 16:00:00,5.3123,2.3,2.5,5.012086,2.85
2021-12-17 17:00:00,5.1235,1.4,2.2,3.799972,1.02
2021-12-17 18:00:00,4.623,1.1,1.6,2.972321,0.35
2021-12-17 19:00:00,3.9977,0.8,0.9,2.539994,-0.37
2021-12-17 20:00:00,3.7355,0.3,0,1.624903,-0.94
2021-12-17 21:00:00,3.6127,-0.4,0.1,0.4435389,-0.79
2021-12-17 22:00:00,3.8922,-0.6,0.1,0.7768194,-0.38
2021-12-17 23:00:00,3.3665,-0.4,-0.3,0.5797027,-1.01
2021-12-18 00:00:00,3.049,-0.5,-0.4,0.3069264,-1.83
2021-12-18 01:00:00,3.0843,-0.6,0.1,-0.009719445,-1.86
2021-12-18 02:00:00,3.1373,0,0.1,0.09973888,-1.34
2021-12-18 03:00:00,3.102,0.1,-0.2,-0.02560278,-1.29
2021-12-18 04:00:00,2.9607,-0.1,0.1,-0.123975,-0.93
2021-12-18 05:00:00,2.8898,-0.6,-0.1,-0.03139861,-0.95
2021-12-18 06:00:00,2.5702,-1,-0.3,-0.3156083,-0.83
2021-12-18 07:00:00,2.2132,-0.9,-0.5,-0.2927083,-0.67
2021-12-18 08:00:00,2.3563,-0.9,-0.5,-0.1785416,-0.79
2021-12-18 09:00:00,2.3203,-0.7,-0.6,-0.1998861,-0.85
2021-12-18 10:00:00,2.3027,-0.6,-0.4,-0.1390611,-0.66
2021-12-18 11:00:00,2.606,0,-0.1,-0.1706319,-0.68
2021-12-18 12:00:00,2.943,0.3,0.5,-0.06911389,-0.4
2021-12-18 13:00:00,3.2962,1,0.8,0.2455792,0.09
2021-12-18 14:00:00,3.8038,1.2,1.1,0.6689347,0.64
2021-12-18 15:00:00,3.8405,1.9,1.9,1.229931,1.03
2021-12-18 16:00:00,3.3313,1.6,1.5,1.441371,0.81
2021-12-18 17:00:00,3.102,1.4,1.6,1.00419,0.39
2021-12-18 18:00:00,3.8403,1.9,1.8,0.6379416,1.1
2021-12-18 19:00:00,3.7005,1.9,1.6,1.027882,1.7
2021-12-18 20:00:00,3.6653,1.9,1.5,1.5371,1.51
2021-12-18 21:00:00,3.7168,1.8,1.5,0.8516819,1.33
2021-12-18 22:00:00,3.8753,1.7,1.5,1.121936,0.69
2021-12-18 23:00:00,NA,1.7,1.6,1.151763,0.72
2021-12-19 00:00:00,4.3258,1.5,1.5,1.383579,0.86
2021-12-19 01:00:00,3.4018,1.4,1.3,1.561071,0.96
2021-12-19 02:00:00,3.5075,1.3,1.2,1.454881,0.94
2021-12-19 03:00:00,3.5073,1.3,1.1,1.33576,0.82
2021-12-19 04:00:00,3.402,1,1,1.316461,0.56
2021-12-19 05:00:00,3.4018,1,1,1.040917,0.38
2021-12-19 06:00:00,3.3667,0.9,0.7,0.8826527,0.29
2021-12-19 07:00:00,2.9428,0.5,0.3,0.8508638,-0.08
2021-12-19 08:00:00,3.0137,0.7,0.4,0.4609125,-0.18
2021-12-19 09:00:00,3.0667,0.6,0.1,0.3855056,-0.2
2021-12-19 10:00:00,3.1197,0.7,0.5,0.2517111,-0.17
2021-12-19 11:00:00,2.9783,0.7,0.5,0.4101319,0.16
2021-12-19 12:00:00,3.3138,0.8,1.1,0.686057,0.33
2021-12-19 13:00:00,3.349,0.5,1.2,0.9964555,0.68
2021-12-19 14:00:00,3.0842,0.2,0.7,1.222686,0.69
2021-12-19 15:00:00,NA,0.1,0.8,1.245533,0.55
2021-12-19 16:00:00,NA,0,0.5,1.015949,0.37
2021-12-19 17:00:00,NA,-0.1,0.2,0.894143,0.08
2021-12-19 18:00:00,NA,-0.2,-0.1,0.6105916,-0.22
2021-12-19 19:00:00,11.1713,-0.2,-0.2,0.4275361,-0.4
2021-12-19 20:00:00,NA,-0.2,-0.1,0.2313819,-0.51
2021-12-19 21:00:00,3.4702,-0.2,-0.3,0.1446333,-0.49
2021-12-19 22:00:00,2.8717,-0.2,-0.2,0.06727639,-0.6
2021-12-19 23:00:00,2.4632,-0.3,-0.2,-0.1120944,-0.65
2021-12-20 00:00:00,2.6053,-0.5,-0.5,-0.01973055,-0.65
2021-12-20 01:00:00,2.4633,-0.5,-0.5,-0.1122194,-0.76
2021-12-20 02:00:00,2.4813,-0.3,-0.4,-0.3049042,-1.06
2021-12-20 03:00:00,2.3565,0,-0.4,-0.5235972,-0.98
2021-12-20 04:00:00,2.2132,0.1,-0.2,-0.4996139,-1.14
2021-12-20 05:00:00,1.9618,-0.5,-0.9,-0.6154402,-1.08
2021-12-20 06:00:00,1.584,-0.6,-0.8,-0.8241569,-1.91
2021-12-20 07:00:00,NA,-1.6,-1.2,-1.162219,-2.37
2021-12-20 08:00:00,1.7445,-0.7,-0.8,-1.674708,-2.22
2021-12-20 09:00:00,2.1412,0.2,0.1,-1.69844,-1.16
2021-12-20 10:00:00,3.2418,1.9,0.8,-1.101175,0.47
2021-12-20 11:00:00,3.612,3.4,2.1,0.1369764,1.72
2021-12-20 12:00:00,4.7435,2.9,3.5,1.657283,2.8
2021-12-20 13:00:00,5.7572,3.6,4,4.36119,3.51
2021-12-20 14:00:00,6.3012,4,4.2,5.600934,3.89
2021-12-20 15:00:00,6.2167,2.4,3.3,5.267094,3.95
2021-12-20 16:00:00,5.0022,1.9,2.2,4.35904,2.16
2021-12-20 17:00:00,4.4323,1,1.7,2.974407,0.7
2021-12-20 18:00:00,3.7878,0,1.7,1.545946,-0.02
2021-12-20 19:00:00,3.4547,0.1,1.9,1.092433,-0.38
2021-12-20 20:00:00,3.2257,-0.4,0.6,1.602757,-0.36
2021-12-20 21:00:00,2.9605,-0.7,0.6,0.9451346,-0.09
2021-12-20 22:00:00,2.8365,-1.9,0.5,0.3321277,-1.12
2021-12-20 23:00:00,2.677,-2.5,0.6,0.0663,-1.44
2021-12-21 00:00:00,2.1952,-4.1,-0.8,0.120375,-2
2021-12-21 01:00:00,1.7458,-3.4,-1.5,-0.629161,-2.69
2021-12-21 02:00:00,1.1482,-4.7,-2,-1.29816,-3.06
2021-12-21 03:00:00,0.1197,-4.6,-3.3,-1.888212,-4.23
2021-12-21 04:00:00,-0.4187,-4.8,-4.3,-2.663253,-5.54
2021-12-21 05:00:00,-0.5495,-4.5,-4.6,-3.954589,-5.68
2021-12-21 06:00:00,-0.4557,-4.3,-4.6,-4.560146,-5.97
2021-12-21 07:00:00,-0.7562,-4.5,-4.7,-4.774996,-5.98
2021-12-21 08:00:00,-0.4217,-5,-4.4,-4.951029,-6.34
2021-12-21 09:00:00,-0.4377,-4.2,-4,-4.75928,-5.97
2021-12-21 10:00:00,-0.8502,-4,-4.1,-4.39988,-5.01
2021-12-21 11:00:00,NA,-3.6,-3.6,-4.021996,-4.17
2021-12-21 12:00:00,-0.2882,-3,-2.7,-3.682347,-3.67
2021-12-21 13:00:00,-0.2505,-2.9,-3,-2.918895,-3.23
2021-12-21 14:00:00,-0.1203,-2.9,-2.5,-2.680968,-3.07
2021-12-21 15:00:00,-0.3253,-3,-2.6,-2.625792,-3.04
2021-12-21 16:00:00,0.0282,-2.7,-2.4,-2.559316,-2.84
2021-12-21 17:00:00,0.3795,-2.5,-2.1,-2.360843,-2.95
2021-12-21 18:00:00,0.2873,-2.6,-2.7,-2.227717,-3.1
2021-12-21 19:00:00,0.1393,-2.7,-2.7,-2.289121,-3.3
2021-12-21 20:00:00,-0.1762,-2.8,-2.5,-2.502119,-3.5
2021-12-21 21:00:00,0.1752,-2.9,-2.9,-2.687329,-3.74
2021-12-21 22:00:00,-0.1205,-3.1,-3,-2.883107,-4.03
2021-12-21 23:00:00,-0.5497,-3.4,-3.9,-3.308962,-5.1
2021-12-22 00:00:00,NA,-4,-3.5,-4.252639,-5.54
2021-12-22 01:00:00,-0.5867,-4.9,-4,-4.641875,-5.91
2021-12-22 02:00:00,-1.1343,-5.5,-4.8,-4.861198,-6.43
2021-12-22 03:00:00,-1.9913,-6.7,-5.5,-5.037158,-6.68
2021-12-22 04:00:00,-2.2808,-6.5,-5.7,-5.058065,-6.76
2021-12-22 05:00:00,-2.4553,-6.2,-6.2,-5.47963,-6.82
2021-12-22 06:00:00,-2.5907,-6.7,-6.3,-5.769029,-7.47
2021-12-22 07:00:00,-2.5712,-6.7,-6.3,-5.902816,-7.52
2021-12-22 08:00:00,-2.3385,-7,-6.2,-6.254793,-7.67
2021-12-22 09:00:00,-2.3773,-6,-5.7,-6.327441,-7.23
2021-12-22 10:00:00,-2.1082,-4.3,-4.2,-5.532029,-5.47
2021-12-22 11:00:00,-1.0772,-3,-2.5,-4.291953,-3.41
2021-12-22 12:00:00,0.1755,-2.3,-1.3,-2.537411,-1.57
2021-12-22 13:00:00,1.4563,-0.5,0.3,0.2736278,-0.89
2021-12-22 14:00:00,NA,-0.2,0,1.301586,-0.31
2021-12-22 15:00:00,NA,-0.3,-0.2,1.275792,-0.11
2021-12-22 16:00:00,2.388,-2.4,-1.1,0.3592361,-1.11
2021-12-22 17:00:00,1.2753,-3.8,-1.6,-0.5540236,-2.31
2021-12-22 18:00:00,0.71,-4.1,-2.1,-1.420919,-3.09
2021-12-22 19:00:00,0.9108,-5.5,-2.3,-1.943715,-3.57
2021-12-22 20:00:00,0.0835,-5.4,-2.4,-2.354265,-3.76
2021-12-22 21:00:00,-0.102,-5.9,-3.1,-2.73825,-4.45
2021-12-22 22:00:00,-0.2692,-5.8,-3.6,-3.076847,-4.46
2021-12-22 23:00:00,-0.6618,-6.8,-3.6,-3.598304,-4.84
2021-12-23 00:00:00,-0.7182,-6.1,-3.4,-3.80959,-4.89
2021-12-23 01:00:00,-0.9062,-5.9,-3.5,-3.93782,-4.75
2021-12-23 02:00:00,-0.9628,-6.7,-2.9,-4.055744,-4.81
2021-12-23 03:00:00,-1.0385,-5.6,-2.7,-3.816582,-4.58
2021-12-23 04:00:00,-0.7742,-5.3,-2.8,-3.411068,-4.2
2021-12-23 05:00:00,-0.8872,-6.4,-2.9,-2.84879,-4.04
2021-12-23 06:00:00,-0.9633,-6.2,-2.5,-2.597128,-3.85
2021-12-23 07:00:00,-0.7562,-4.5,-0.7,-1.522255,-1.62
2021-12-23 08:00:00,0.4435,-3.7,2.5,0.08809166,0.42
2021-12-23 09:00:00,3.461,-2.1,4,0.2530069,2.84
2021-12-23 10:00:00,5.53,0.5,7.8,1.686892,6.35
2021-12-23 11:00:00,7.0953,8.3,7.7,6.309369,7.47
2021-12-23 12:00:00,7.8955,10.4,9.2,7.550002,7.53
2021-12-23 13:00:00,8.877,9.1,10.1,8.129131,10.21
2021-12-23 14:00:00,8.7957,10,8.8,10.54531,8.3
2021-12-23 15:00:00,8.9945,8.9,9,8.950989,8.39
2021-12-23 16:00:00,9.3405,10.3,9.9,8.759533,9.26
2021-12-23 17:00:00,9.817,10.5,9.2,9.809066,9.05
2021-12-23 18:00:00,10.0302,10.8,9.7,9.554322,9.07
2021-12-23 19:00:00,10.3407,11.3,11.4,9.70368,9.65
2021-12-23 20:00:00,10.7483,11,10.6,10.40316,9.88
2021-12-23 21:00:00,10.846,10.6,11.9,10.55715,10.98
2021-12-23 22:00:00,10.8947,10.3,10.3,11.28975,10.32
2021-12-23 23:00:00,11.09,11.1,11,10.93794,10.17
2021-12-24 00:00:00,11.2037,11.4,11.1,10.57843,11.03
2021-12-24 01:00:00,11.0413,10.7,10.6,11.24919,10.74
2021-12-24 02:00:00,10.8785,11.2,10.5,10.98315,10.4
2021-12-24 03:00:00,10.9763,10.9,10.5,10.70231,10.41
2021-12-24 04:00:00,NA,10.9,10.3,10.68877,10.15
2021-12-24 05:00:00,NA,10.6,10.2,10.48115,10.14
2021-12-24 06:00:00,NA,10.2,10.2,10.4369,9.88
2021-12-24 07:00:00,NA,10,9.6,10.219,9.52
2021-12-24 08:00:00,10.259,9.1,8.7,9.899338,8.84
2021-12-24 09:00:00,9.6857,8.4,8.1,9.273805,8.04
2021-12-24 10:00:00,9.62,8.8,8.3,8.476546,8.1
2021-12-24 11:00:00,9.6855,9.3,8.7,8.447838,8.35
2021-12-24 12:00:00,10.0465,10,9.4,8.63411,8.77
2021-12-24 13:00:00,10.1937,9.7,9.5,9.068174,9.14
2021-12-24 14:00:00,10.2917,9.6,9.5,9.389134,9.18
2021-12-24 15:00:00,10.406,10.3,10,9.490195,9.39
2021-12-24 16:00:00,10.602,10.5,10.2,9.615567,9.66
2021-12-24 17:00:00,10.7645,10.5,10.5,9.926865,9.97
2021-12-24 18:00:00,10.781,10.7,10.7,10.2006,10.15
2021-12-24 19:00:00,11.0248,10.6,10.4,10.43004,10.31
2021-12-24 20:00:00,NA,11.1,10.7,10.55779,10.09
2021-12-24 21:00:00,NA,10.3,10.2,10.47183,9.94
2021-12-24 22:00:00,NA,9.5,10.5,10.30634,10.11
2021-12-24 23:00:00,NA,8.4,10.2,10.28407,9.94
2021-12-25 00:00:00,11.4148,9.5,10.7,10.28245,10.23
2021-12-25 01:00:00,11.722,11.4,11,10.33193,10.67
2021-12-25 02:00:00,11.8513,12,11.6,11.02393,11.04
2021-12-25 03:00:00,12.0292,11.8,11.5,11.32056,11.2
2021-12-25 04:00:00,11.9322,11.5,11.2,11.55356,11.04
2021-12-25 05:00:00,11.7705,11.5,11.2,11.38751,10.92
2021-12-25 06:00:00,NA,11.2,10.9,11.23739,10.78
2021-12-25 07:00:00,NA,10.8,10.8,11.06966,10.7
2021-12-25 08:00:00,11.4633,10.7,10.9,10.95294,10.7
2021-12-25 09:00:00,11.4148,10.6,10.5,10.8915,10.79
2021-12-25 10:00:00,11.3987,10.6,10.5,10.81904,10.81
2021-12-25 11:00:00,11.6897,10.3,10.6,10.79257,10.52
2021-12-25 12:00:00,11.8028,10.4,10.6,10.81364,10.49
2021-12-25 13:00:00,11.8352,10.8,10.6,10.90453,10.31
2021-12-25 14:00:00,NA,10.8,10.6,10.78736,10.48
2021-12-25 15:00:00,11.7543,10.4,10.4,10.84826,10.33
2021-12-25 16:00:00,11.6088,9.2,9.9,10.65051,9.75
2021-12-25 17:00:00,11.3663,8,9.5,10.46503,9.15
2021-12-25 18:00:00,11.3012,8.5,9.4,10.02367,8.76
2021-12-25 19:00:00,11.0898,8.2,9.2,9.661054,8.55
2021-12-25 20:00:00,NA,8,8.9,9.401084,8.29
2021-12-25 21:00:00,10.6507,8.1,8.6,8.945485,8.08
2021-12-25 22:00:00,NA,8.6,8.2,8.658071,8.13
2021-12-25 23:00:00,10.112,6.8,8,8.499242,7.84
2021-12-26 00:00:00,9.4718,5.2,6.2,8.305933,7.47
2021-12-26 01:00:00,7.9987,4.3,4.9,7.849955,5.83
2021-12-26 02:00:00,7.5482,3.8,4.1,6.460174,4.63
2021-12-26 03:00:00,7.045,3.7,3.9,5.41651,4.05
2021-12-26 04:00:00,7.2968,3.5,3.9,4.936229,3.89
2021-12-26 05:00:00,7.062,NA,3.7,4.640092,3.75
2021-12-26 06:00:00,7.0787,NA,3.6,4.576326,3.66
2021-12-26 07:00:00,7.0452,NA,3.8,4.490587,3.61
2021-12-26 08:00:00,6.9105,NA,3.8,4.343597,3.76
2021-12-26 09:00:00,7.0283,NA,4.1,4.444386,3.89
2021-12-26 10:00:00,7.2632,NA,5,4.515358,4.39
2021-12-26 11:00:00,7.498,NA,5.7,4.946084,4.84
2021-12-26 12:00:00,7.8157,NA,6.2,5.55166,5.12
2021-12-26 13:00:00,8.1323,NA,6.7,5.921226,5.95
2021-12-26 14:00:00,8.448,NA,7.4,6.59685,6.48
2021-12-26 15:00:00,8.5807,NA,8,7.244104,7.17
2021-12-26 16:00:00,8.9945,NA,8.5,7.917132,8.01
2021-12-26 17:00:00,9.11,NA,8.6,8.53559,8.47
2021-12-26 18:00:00,9.4392,NA,8.6,8.555747,8.8
2021-12-26 19:00:00,9.8335,NA,8.5,8.541617,8.79
2021-12-26 20:00:00,10.063,NA,8.5,8.42048,8.82
2021-12-26 21:00:00,9.9318,NA,8.7,8.377811,8.57
2021-12-26 22:00:00,NA,NA,8.5,8.561315,8.32
2021-12-26 23:00:00,NA,NA,8.5,8.650965,8.26
2021-12-27 00:00:00,NA,NA,8.9,8.563561,8.42
2021-12-27 01:00:00,9.9975,NA,8.8,8.564133,8.55
2021-12-27 02:00:00,10.112,NA,8.8,8.774536,8.52
2021-12-27 03:00:00,10.0793,NA,8,8.779257,8.35
2021-12-27 04:00:00,9.3078,NA,7.9,8.462022,7.6
2021-12-27 05:00:00,9.0605,NA,7.9,7.614895,7.1
2021-12-27 06:00:00,9.011,NA,8.4,7.535352,7.79
2021-12-27 07:00:00,8.531,7.9,7.8,7.455883,6.85
2021-12-27 08:00:00,8.132,8,7.8,6.785261,5.79
2021-12-27 09:00:00,8.1487,7.4,8.1,6.266726,5.45
2021-12-27 10:00:00,8.6138,8.3,8.6,6.253113,6.51
2021-12-27 11:00:00,9.1758,8.4,9.3,7.10134,7.55
2021-12-27 12:00:00,9.2748,8.8,9.2,8.056863,7.48
2021-12-27 13:00:00,9.3895,8.5,8.7,8.961265,7.69
2021-12-27 14:00:00,9.4557,8.6,9,8.688891,7.93
2021-12-27 15:00:00,9.9317,10.2,10.4,8.636689,9.56
2021-12-27 16:00:00,10.161,9.8,9.7,9.650265,9.35
2021-12-27 17:00:00,10.504,10.6,10.4,9.532343,9.82
2021-12-27 18:00:00,10.6832,10.4,10.5,9.76974,10.25
2021-12-27 19:00:00,10.553,10.3,10,10.40271,10
2021-12-27 20:00:00,10.7482,10.7,10.5,10.2651,10.27
2021-12-27 21:00:00,10.895,10.9,10.7,10.45119,10.43
2021-12-27 22:00:00,11.1712,11.2,11,10.63597,10.7
2021-12-27 23:00:00,11.285,10.9,11,10.8419,10.81
2021-12-28 00:00:00,11.1552,10.7,10.4,10.9695,10.48
2021-12-28 01:00:00,NA,10.7,11,10.69532,10.59
2021-12-28 02:00:00,NA,11.3,11.1,10.71712,10.92
2021-12-28 03:00:00,11.6573,11.7,11.5,11.17919,11.15
2021-12-28 04:00:00,11.4305,10.3,10.2,11.34531,10.25
2021-12-28 05:00:00,11.2038,11.1,10.6,10.68126,9.75
2021-12-28 06:00:00,11.7058,11.8,11.2,10.22341,11
2021-12-28 07:00:00,11.5765,11.4,11.4,11.16704,11.09
2021-12-28 08:00:00,11.6573,11.8,11.7,11.27995,11.29
2021-12-28 09:00:00,11.9807,12.2,12.1,11.55767,11.47
2021-12-28 10:00:00,12.3845,12.5,12.4,11.80236,11.94
2021-12-28 11:00:00,13.0602,13.2,13,12.17171,12.41
2021-12-28 12:00:00,13.2527,12.9,12.8,12.75552,12.6
2021-12-28 13:00:00,13.0925,12.6,12.6,12.86765,12.47
2021-12-28 14:00:00,12.835,12.3,12.4,12.75909,12.21
2021-12-28 15:00:00,12.3522,12.1,12.1,12.49642,11.88
2021-12-28 16:00:00,11.9322,11,10.9,11.93618,11
2021-12-28 17:00:00,11.5765,10.9,11,11.26363,10.7
2021-12-28 18:00:00,11.4472,10.8,10.9,10.95103,10.49
2021-12-28 19:00:00,NA,10.4,10.7,10.75891,10.83
2021-12-28 20:00:00,11.3012,10.8,11.1,10.87549,10.67
2021-12-28 21:00:00,NA,10.8,10.8,10.76988,10.62
2021-12-28 22:00:00,11.2523,10.7,10.8,10.78468,10.48
2021-12-28 23:00:00,11.1225,10.5,10.5,10.63354,10.41
2021-12-29 00:00:00,NA,10.2,10.3,10.53788,10.11
2021-12-29 01:00:00,10.7318,10.1,9.9,10.32888,9.84
2021-12-29 02:00:00,10.602,10.1,9.9,10.06295,9.61
2021-12-29 03:00:00,NA,10.2,9.9,9.851429,9.75
2021-12-29 04:00:00,NA,10,9.9,9.978965,9.68
2021-12-29 05:00:00,NA,9.8,9.8,9.917979,9.63
2021-12-29 06:00:00,10.406,9.7,9.8,9.842886,9.55
2021-12-29 07:00:00,NA,9.9,9.8,9.78025,9.63
2021-12-29 08:00:00,NA,10.1,10.2,9.85549,9.78
2021-12-29 09:00:00,10.8133,10.4,10.5,10.03256,10.11
2021-12-29 10:00:00,10.6015,9.3,9.3,10.32533,9.65
2021-12-29 11:00:00,10.014,9,8.8,9.856616,8.48
2021-12-29 12:00:00,10.3897,9.2,9.4,8.986376,8.59
2021-12-29 13:00:00,10.6668,9.5,9.4,9.111886,8.93
2021-12-29 14:00:00,10.8133,9.8,10,9.360958,9.22
2021-12-29 15:00:00,11.3168,11.7,11.8,9.629985,11.1
2021-12-29 16:00:00,11.916,12.1,12.3,11.02271,11.88
2021-12-29 17:00:00,12.3522,12.8,13,11.93324,12.26
2021-12-29 18:00:00,12.8832,13.3,13.4,12.4265,12.93
2021-12-29 19:00:00,13.3172,13.7,13.7,13.08628,13.23
2021-12-29 20:00:00,13.718,13.8,13.8,13.36529,13.78
2021-12-29 21:00:00,NA,14,13.9,13.79111,13.81
2021-12-29 22:00:00,14.038,14.2,13.9,13.91001,13.79
2021-12-29 23:00:00,NA,14.1,13.9,13.91565,13.8
2021-12-30 00:00:00,14.006,13.8,13.8,13.90628,13.68
2021-12-30 01:00:00,13.91,14.1,13.6,13.78758,13.46
2021-12-30 02:00:00,13.99,14,13.9,13.59637,13.64
2021-12-30 03:00:00,14.134,14.2,14,13.7376,13.75
2021-12-30 04:00:00,14.2617,14.3,14.1,13.85612,13.91
2021-12-30 05:00:00,14.373,14.4,14.3,14.01248,14.01
2021-12-30 06:00:00,14.357,14.4,13.8,14.11508,13.65
2021-12-30 07:00:00,14.485,14.6,14.2,13.91163,13.87
2021-12-30 08:00:00,14.501,14.5,14.2,14.0318,14.05
2021-12-30 09:00:00,NA,14.5,14.4,14.18801,14.15
2021-12-30 10:00:00,14.8362,15,14.9,14.27529,14.45
2021-12-30 11:00:00,15.2028,15.1,15,14.53053,14.85
2021-12-30 12:00:00,15.744,15.3,15.4,14.92565,15.34
2021-12-30 13:00:00,15.8392,15.7,15.7,15.41761,15.37
2021-12-30 14:00:00,15.7437,15.3,15.4,15.55821,15.36
2021-12-30 15:00:00,15.553,15.1,15.1,15.53473,14.91
2021-12-30 16:00:00,15.4732,14.7,14.8,15.11041,14.66
2021-12-30 17:00:00,15.139,14.8,14.6,14.82522,14.3
2021-12-30 18:00:00,15.0275,14.4,14.5,14.48954,14.55
2021-12-30 19:00:00,14.645,14,14.2,14.53516,14.42
2021-12-30 20:00:00,14.613,13.6,13.7,14.05647,13.66
2021-12-30 21:00:00,14.1818,12.5,12.8,13.85512,12.16
2021-12-30 22:00:00,NA,11.6,11.8,12.87813,10.81
2021-12-30 23:00:00,13.1725,10,10.6,11.76765,10.61
2021-12-31 00:00:00,12.336,9.2,10.3,10.71227,9.11
2021-12-31 01:00:00,11.819,9,9.8,9.895823,9.04
2021-12-31 02:00:00,11.2687,6.2,10.6,9.07295,8.38
2021-12-31 03:00:00,10.9273,7.1,9.1,8.577574,7.58
2021-12-31 04:00:00,10.5367,6.9,10,7.944589,7.93
2021-12-31 05:00:00,10.3407,4.9,9.2,7.653391,7.13
2021-12-31 06:00:00,10.2917,3.9,7.9,7.430768,7.04
2021-12-31 07:00:00,9.9968,4.7,7.3,7.668391,6.28
2021-12-31 08:00:00,9.8172,3.7,7.1,7.070066,6.26
2021-12-31 09:00:00,9.8333,7.5,7.8,6.98365,6.01
2021-12-31 10:00:00,10.4222,8.3,9.4,7.143761,7.89
2021-12-31 11:00:00,11.9305,10.2,10.9,8.483294,10.2
2021-12-31 12:00:00,13.4768,11.8,12.1,10.61624,11.83
2021-12-31 13:00:00,13.6698,12.9,13.5,13.29021,12.66
2021-12-31 14:00:00,16.0448,16.4,16.9,14.53149,16.07
2021-12-31 15:00:00,17.0778,15.8,16.4,16.78115,16.55
2021-12-31 16:00:00,16.7763,15.3,15.7,16.56737,15.58
2021-12-31 17:00:00,15.4097,14.6,15.1,15.65728,14.75
2021-12-31 18:00:00,14.8362,14.1,14.6,14.78416,14.48
2021-12-31 19:00:00,14.9318,14.5,14.3,14.39594,13.7
2021-12-31 20:00:00,15.2027,12.9,14.5,14.15576,14.19
2021-12-31 21:00:00,14.3413,8,11.7,14.33622,13.68
2021-12-31 22:00:00,13.461,6.7,9.9,13.13711,12.91
2021-12-31 23:00:00,12.6422,6.1,9.4,11.67512,10.92
2022-01-01 00:00:00,11.9807,5.2,9.2,10.69463,8.43
2022-01-01 01:00:00,11.6088,5.2,8.2,9.456028,8.02
2022-01-01 02:00:00,10.9762,3.5,7.5,8.403416,6.59
2022-01-01 03:00:00,10.2752,3.5,6.9,7.65138,5.89
2022-01-01 04:00:00,9.702,4.7,8.1,6.773254,6.06
2022-01-01 05:00:00,9.702,1.6,7.6,6.69968,6.48
2022-01-01 06:00:00,9.4392,3.4,7.4,6.250162,5.6
2022-01-01 07:00:00,9.2912,2.4,6.2,6.695343,5.05
2022-01-01 08:00:00,9.0605,1.6,5.9,6.265502,4.88
2022-01-01 09:00:00,9.4063,7.1,7.2,6.127507,5.03
2022-01-01 10:00:00,10.1278,9.1,8.8,6.82099,7.14
2022-01-01 11:00:00,11.2837,11.6,10.5,8.109717,10.19
2022-01-01 12:00:00,13.6535,12.6,11.9,10.13801,12.04
2022-01-01 13:00:00,14.8357,13.7,13.9,13.39495,13.51
2022-01-01 14:00:00,15.0118,14.2,13.9,14.52002,14.05
2022-01-01 15:00:00,15.2343,12.6,12.6,15.19478,13.15
2022-01-01 16:00:00,14.5488,9.5,10.7,13.82226,11.21
2022-01-01 17:00:00,13.2037,6.7,9.9,11.97779,9.42
2022-01-01 18:00:00,11.8513,6,9,10.5156,8.45
2022-01-01 19:00:00,11.3013,6.1,8.2,9.644556,7.82
2022-01-01 20:00:00,10.7647,3.8,8.3,8.68386,7.15
2022-01-01 21:00:00,10.406,4.2,8,7.776889,6.97
2022-01-01 22:00:00,10.3407,3.4,7.1,8.02339,6.08
2022-01-01 23:00:00,9.8007,3.5,7.2,7.93049,5.84
2022-01-02 00:00:00,9.6858,3,6.8,7.697947,6
2022-01-02 01:00:00,9.1918,3.5,6.3,7.869667,5.4
2022-01-02 02:00:00,9.011,2.7,5.7,7.470271,5.05
2022-01-02 03:00:00,9.2255,1.9,5.6,7.489397,5.56
2022-01-02 04:00:00,8.862,1.4,5.6,7.521319,5.14
2022-01-02 05:00:00,8.9615,1.5,6.1,7.458618,5.47
2022-01-02 06:00:00,8.9447,1.5,8.9,7.548756,6.03
2022-01-02 07:00:00,9.3568,2.7,6.6,7.136606,6.99
2022-01-02 08:00:00,7.9655,3.1,6.2,7.409304,5.27
2022-01-02 09:00:00,8.5467,5.9,7.6,7.55061,6.21
2022-01-02 10:00:00,11.6507,13.5,13.9,8.334786,12.97
2022-01-02 11:00:00,13.3973,14.1,15.2,11.98438,13.74
2022-01-02 12:00:00,13.9737,15.3,15.5,14.26936,14.85
2022-01-02 13:00:00,15.2978,16.3,16.5,14.95611,15.71
2022-01-02 14:00:00,15.712,15.3,16.7,15.96638,16.46
2022-01-02 15:00:00,14.9157,15.6,16.1,16.61951,16.21
2022-01-02 16:00:00,15.155,15.2,15.5,16.25834,15.61
2022-01-02 17:00:00,15.1708,14.8,15.1,15.71927,15.13
2022-01-02 18:00:00,14.7725,14.4,14.7,15.4098,14.46
2022-01-02 19:00:00,14.4372,13.7,14,14.72958,14.07
2022-01-02 20:00:00,13.91,13.3,13.4,14.29417,13.35
2022-01-02 21:00:00,13.6058,13.1,12.8,13.59734,12.82
2022-01-02 22:00:00,13.397,13,12.9,13.06351,12.55
2022-01-02 23:00:00,13.317,12.8,12.7,12.83788,12.6
2022-01-03 00:00:00,13.0925,12.3,12.5,12.83453,12.43
2022-01-03 01:00:00,12.9477,12.4,12.4,12.63489,12.15
2022-01-03 02:00:00,12.835,12.3,12.2,12.38663,12.03
2022-01-03 03:00:00,NA,12,12,12.24941,11.9
2022-01-03 04:00:00,12.4812,11.8,11.9,12.11319,11.65
2022-01-03 05:00:00,NA,11.8,11.7,11.89224,11.47
2022-01-03 06:00:00,NA,11.7,11.5,11.70867,11.26
2022-01-03 07:00:00,12.11,11.5,11.4,11.55996,11.14
2022-01-03 08:00:00,NA,11.5,11.4,11.43326,11.07
2022-01-03 09:00:00,NA,11.6,11.5,11.34879,11.2
2022-01-03 10:00:00,NA,11.8,11.7,11.44825,11.33
2022-01-03 11:00:00,12.3523,11.9,11.9,11.56436,11.47
2022-01-03 12:00:00,12.449,12,11.9,11.67004,11.53
2022-01-03 13:00:00,12.7225,12.3,12.2,11.75,11.77
2022-01-03 14:00:00,12.8348,12.5,12.4,11.97017,11.94
2022-01-03 15:00:00,12.6902,12.2,12.3,12.13736,12.02
2022-01-03 16:00:00,12.674,12.2,12.3,12.20447,12.03
2022-01-03 17:00:00,12.658,12.4,12.3,12.20041,11.99
2022-01-03 18:00:00,12.642,12.3,12.3,12.18929,11.88
2022-01-03 19:00:00,12.8028,12.4,12.6,12.15464,12.15
2022-01-03 20:00:00,12.9315,12.4,12.7,12.34485,12.43
2022-01-03 21:00:00,13.0278,13,13.2,12.58664,12.7
2022-01-03 22:00:00,13.397,13.1,13.2,12.89491,13.1
2022-01-03 23:00:00,NA,13,13,13.26868,13.08
2022-01-04 00:00:00,NA,12.8,13,13.08105,12.94
2022-01-04 01:00:00,13.0923,12.6,12.9,12.98401,12.79
2022-01-04 02:00:00,13.285,13.1,13.5,12.86723,13.28
2022-01-04 03:00:00,13.4132,13.1,13.6,13.31505,13.59
2022-01-04 04:00:00,13.397,13.1,13,13.55426,13.29
2022-01-04 05:00:00,13.0923,12.4,12.8,13.31064,12.24
2022-01-04 06:00:00,13.3812,13,13.5,12.63765,12.63
2022-01-04 07:00:00,14.1177,14.5,14.9,12.99091,14.36
2022-01-04 08:00:00,14.7247,14.5,15.8,14.49198,15.59
2022-01-04 09:00:00,14.7723,14.8,14.6,15.56527,15.57
2022-01-04 10:00:00,14.836,15.9,16.3,15.29575,16.08
2022-01-04 11:00:00,15.6802,16.2,15.5,NA,16.55
2022-01-04 12:00:00,15.4573,14.3,14.4,16.21106,15.52
2022-01-04 13:00:00,14.2297,13.4,13.5,14.29725,13.55
2022-01-04 14:00:00,13.2207,12.2,12.2,13.75112,12.13
2022-01-04 15:00:00,12.9957,12.3,12.4,12.4063,12.13
2022-01-04 16:00:00,13.0118,12.2,12.5,12.3044,12.2
2022-01-04 17:00:00,11.1677,8,8.4,12.43578,9.59
2022-01-04 18:00:00,10.1118,6.9,7.2,9.905484,7.41
2022-01-04 19:00:00,9.5868,6.2,6.7,8.078015,6.7
2022-01-04 20:00:00,NA,5.9,5.9,7.278938,5.77
2022-01-04 21:00:00,NA,5.6,5.7,6.4874,5.1
2022-01-04 22:00:00,9.1755,5.4,5.3,5.948928,4.66
2022-01-04 23:00:00,8.6965,5.3,5.1,5.679956,4.74
2022-01-05 00:00:00,8.2985,5.9,5.4,5.02502,5.13
2022-01-05 01:00:00,7.899,6.3,6.2,5.160006,5.65
2022-01-05 02:00:00,7.7653,6.5,6.5,5.729531,6.07
2022-01-05 03:00:00,7.6152,6.4,6.4,6.302929,6.18
2022-01-05 04:00:00,7.4815,6.2,6.1,6.397508,5.91
2022-01-05 05:00:00,7.1457,5.4,5.4,6.184479,5.58
2022-01-05 06:00:00,6.302,4.5,4.4,5.813693,4.4
2022-01-05 07:00:00,6.0977,4,4,4.231824,3.97
2022-01-05 08:00:00,5.3467,3.2,3.4,3.981636,3.27
2022-01-05 09:00:00,5.6888,3.2,3.3,3.450122,2.81
2022-01-05 10:00:00,5.603,3.2,3,3.110482,2.98
2022-01-05 11:00:00,5.3977,3.1,3.3,3.121942,2.93
2022-01-05 12:00:00,5.5865,3.9,3.5,3.349842,3.53
2022-01-05 13:00:00,5.6885,4.3,3.8,3.985227,3.75
2022-01-05 14:00:00,6.4362,4.2,4,4.385101,3.95
2022-01-05 15:00:00,6.1483,3.7,4,5.118108,3.79
2022-01-05 16:00:00,5.8083,3.8,3.9,4.205925,3.48
2022-01-05 17:00:00,5.4667,2.8,3.5,3.816732,2.9
2022-01-05 18:00:00,5.3298,2.7,3.4,3.467488,2.37
2022-01-05 19:00:00,5.568,3.1,3.2,3.128615,2.44
2022-01-05 20:00:00,5.0202,3.1,3.3,3.060772,2.52
2022-01-05 21:00:00,5.089,3.1,3.3,3.03196,2.51
2022-01-05 22:00:00,5.277,3.2,3.3,3.060642,2.61
2022-01-05 23:00:00,5.0202,3.1,3.3,3.182623,2.52
2022-01-06 00:00:00,5.327,3.2,3.3,3.159183,2.6
2022-01-06 01:00:00,4.9168,2.7,2.8,3.215486,2.39
2022-01-06 02:00:00,5.02,2.1,2.3,3.044276,1.93
2022-01-06 03:00:00,4.796,2,2,2.606319,1.54
2022-01-06 04:00:00,4.9855,2.1,2,2.298504,1.54
2022-01-06 05:00:00,4.8305,1.7,2.1,2.075639,1.51
2022-01-06 06:00:00,4.9857,1.7,1.9,2.035739,1.62
2022-01-06 07:00:00,4.623,2,1.9,2.028519,1.49
2022-01-06 08:00:00,4.7958,1.5,1.8,1.927173,1.55
2022-01-06 09:00:00,7.2462,1.5,2.2,1.909478,1.5
2022-01-06 10:00:00,6.7227,2.2,2.3,1.942639,2.04
2022-01-06 11:00:00,6.8927,2.8,2.6,2.233597,1.86
2022-01-06 12:00:00,7.0917,3.6,3.4,2.545044,2.54
2022-01-06 13:00:00,7.026,4.3,3.7,3.154735,3.32
2022-01-06 14:00:00,6.2328,3.9,3.9,3.613,3.43
2022-01-06 15:00:00,6.0298,4,4,3.86728,3.4
2022-01-06 16:00:00,6.6043,3.5,3.5,3.954021,2.78
2022-01-06 17:00:00,7.9982,2.4,3,3.632933,1.72
2022-01-06 18:00:00,NA,0.5,2.4,2.761918,1.03
2022-01-06 19:00:00,NA,0.7,2.3,1.911464,0.85
2022-01-06 20:00:00,3.9797,0.4,1.6,1.528811,0.67
2022-01-06 21:00:00,3.6477,-1.2,1.1,1.214014,-0.27
2022-01-06 22:00:00,3.155,-1.8,0.7,0.5477555,-0.7
2022-01-06 23:00:00,NA,-1.5,-0.1,-0.00612361,-0.95
2022-01-07 00:00:00,2.7472,-1.8,0.1,-0.3566333,-1.01
2022-01-07 01:00:00,2.1773,0.3,0.2,-0.666975,-1.38
2022-01-07 02:00:00,1.9618,0.6,0.3,-0.8446499,-1.44
2022-01-07 03:00:00,1.98,-1.8,-0.2,-1.018994,-1.02
2022-01-07 04:00:00,2.1237,-2.4,0,-0.9759986,-1.02
2022-01-07 05:00:00,2.2488,-0.9,0.1,-0.9253861,-1.15
2022-01-07 06:00:00,2.1057,-0.2,0.3,-0.7991889,-0.94
2022-01-07 07:00:00,2.1052,0.2,0.3,-0.6377361,-0.74
2022-01-07 08:00:00,2.7833,2.2,2,-0.4381305,0.63
2022-01-07 09:00:00,3.4192,2.9,2.8,0.3646625,1.9
2022-01-07 10:00:00,3.9975,3.7,3.6,2.06691,2.78
2022-01-07 11:00:00,3.8578,2.8,2.7,2.974347,2.8
2022-01-07 12:00:00,3.893,3,2.8,2.998005,2.58
2022-01-07 13:00:00,4.5692,3.4,3.5,2.814815,2.65
2022-01-07 14:00:00,4.0673,2.7,2.9,2.957037,2.83
2022-01-07 15:00:00,4.1888,3.6,3.6,3.140071,2.52
2022-01-07 16:00:00,4.2413,3.4,3.6,3.002982,3.18
2022-01-07 17:00:00,3.5948,2.3,2,3.478303,2.15
2022-01-07 18:00:00,3.5427,2.9,2.8,2.490865,2.15
2022-01-07 19:00:00,3.6127,3,2.8,2.411915,2.38
2022-01-07 20:00:00,3.8405,3.4,3.2,2.62483,2.75
2022-01-07 21:00:00,4.1893,4.2,3.8,2.917591,3.32
2022-01-07 22:00:00,4.519,4.4,4,3.482978,3.52
2022-01-07 23:00:00,4.951,5.3,4.7,3.716064,4.06
2022-01-08 00:00:00,5.5008,5.3,5.1,4.164068,4.85
2022-01-08 01:00:00,NA,5.2,5.1,4.974786,4.93
2022-01-08 02:00:00,4.8825,3.9,3.9,5.122918,3.71
2022-01-08 03:00:00,4.675,4.3,4.3,4.096679,3.79
2022-01-08 04:00:00,4.6057,4.1,4,4.093502,3.79
2022-01-08 05:00:00,4.467,3.7,3.5,4.056758,3.53
2022-01-08 06:00:00,4.259,3.5,3.2,3.760683,3.18
2022-01-08 07:00:00,4.0325,2.8,2.6,3.332748,2.6
2022-01-08 08:00:00,3.9452,2.6,2.7,2.871797,2.2
2022-01-08 09:00:00,4.3783,3.1,3.1,2.57056,2.46
2022-01-08 10:00:00,4.9125,3.3,3.3,2.76019,2.76
2022-01-08 11:00:00,4.6575,4.1,3.8,3.008032,3.51
2022-01-08 12:00:00,5.2435,4.4,4.5,3.621011,3.83
2022-01-08 13:00:00,5.209,4.6,4.7,4.400614,4.13
2022-01-08 14:00:00,5.484,4.9,5.1,4.452084,4.45
2022-01-08 15:00:00,6.0298,5.7,5.7,4.733183,5.04
2022-01-08 16:00:00,6.149,6,6,5.240068,5.29
2022-01-08 17:00:00,6.4883,6.4,6.4,5.488837,5.71
2022-01-08 18:00:00,6.5052,6.3,6.3,5.885617,5.81
2022-01-08 19:00:00,6.8932,7.4,7.1,6.092119,6.44
2022-01-08 20:00:00,7.5317,7.7,7.3,6.637918,7.04
2022-01-08 21:00:00,NA,7.5,7.3,7.220097,7
2022-01-08 22:00:00,7.4813,7.8,7.7,7.29589,7.25
2022-01-08 23:00:00,7.6485,6.9,6.8,7.585283,7.26
2022-01-09 00:00:00,7.1627,7.7,7.3,7.512154,6.2
2022-01-09 01:00:00,7.7987,7.6,7.5,6.556364,7.14
2022-01-09 02:00:00,7.6315,7,6.9,7.352521,7.08
2022-01-09 03:00:00,7.0115,6.4,6.3,7.213457,6.18
2022-01-09 04:00:00,5.8927,4.5,4.2,6.420163,4.74
2022-01-09 05:00:00,5.2095,4.3,4.1,4.916246,3.83
2022-01-09 06:00:00,5.1752,4.6,4.4,4.080862,3.87
2022-01-09 07:00:00,5.0718,4.3,4.2,4.145046,3.74
2022-01-09 08:00:00,4.9855,4.1,4,4.022939,3.72
2022-01-09 09:00:00,4.9512,4.1,4.1,4.033916,3.7
2022-01-09 10:00:00,5.2265,4.8,4.6,4.051103,3.97
2022-01-09 11:00:00,5.6375,4.8,4.7,4.244054,4.3
2022-01-09 12:00:00,5.4667,5,4.2,4.628186,3.85
2022-01-09 13:00:00,6.8583,5.8,5.9,4.34757,4.67
2022-01-09 14:00:00,6.8597,5.7,5.5,5.695816,5.06
2022-01-09 15:00:00,6.3527,5.2,5.2,5.791058,4.72
2022-01-09 16:00:00,6.149,4.9,4.9,5.213943,4.44
2022-01-09 17:00:00,5.8083,4.7,4.7,4.937389,3.98
2022-01-09 18:00:00,6.064,4.8,4.5,4.699854,4.05
2022-01-09 19:00:00,5.706,4.1,4.2,4.515197,3.91
2022-01-09 20:00:00,5.7062,3.8,4,4.390097,3.42
2022-01-09 21:00:00,4.8287,2.9,3.4,4.005864,3.15
2022-01-09 22:00:00,4.8297,2.8,3,3.722669,2.99
2022-01-09 23:00:00,5.2095,2.4,2.8,3.579244,1.91
